<?xml version="1.0" encoding="UTF-8"?>
<?xml-stylesheet type="text/xsl" href="index.xsl"?>

<baza_ze_smartfonami>
	<smartfon id="1" polecane="tak">
		<marka>Samsung</marka>
		<model>Galaxy S22 5G</model>
		<cena>3999</cena>
		<rozmiar>6,1"</rozmiar>
		<kolor>czarny</kolor>
		<pamięć_flash>128 GB</pamięć_flash>
		<system_operacyjny>Android 12</system_operacyjny>
		<zdjęcie><img src=".\zdjęcia\smartfon1.jpg" alt="smarton1" ></img></zdjęcie>
	</smartfon>
	<smartfon id="2">
		<marka>Apple</marka>
		<model>iPhone 13 mini</model>
		<cena>4099</cena>
		<rozmiar>5,4"</rozmiar>
		<kolor>zielony</kolor>
		<pamięć_flash>256 GB</pamięć_flash>
		<system_operacyjny>Apple iOS 15</system_operacyjny>
		<zdjęcie><img src=".\zdjęcia\smartfon2.jpg" alt="smartfon2" ></img></zdjęcie>
	</smartfon>
	<smartfon id="3">
		<marka>Samsung</marka>
		<model>Galaxy Z Flip 3 5G</model>
		<cena>4999</cena>
		<rozmiar>6,7"</rozmiar>
		<kolor>zielony</kolor>
		<pamięć_flash>256 GB</pamięć_flash>
		<system_operacyjny>Android 11</system_operacyjny>
		<zdjęcie><img src=".\zdjęcia\smartfon3.jpg" alt="smartfon3" ></img></zdjęcie>
	</smartfon>
	<smartfon id="4" polecane="tak">
		<marka>Xiaomi</marka>
		<model>11T 5G 8</model>
		<cena>2 499</cena>
		<rozmiar>6,67"</rozmiar>
		<kolor>niebieski</kolor>
		<pamięć_flash>128 GB</pamięć_flash>
		<system_operacyjny>Android 11</system_operacyjny>
		<zdjęcie><img src=".\zdjęcia\smartfon4.jpg" alt="smartfon4" ></img></zdjęcie>
	</smartfon>
	<smartfon id="5">
		<marka>Motorola</marka>
		<model>Edge 30 Pro 12</model>
		<cena>3799</cena>
		<rozmiar>6,7"</rozmiar>
		<kolor>granatowy</kolor>
		<pamięć_flash>256 GB</pamięć_flash>
		<system_operacyjny>Android 12</system_operacyjny>
		<ram>8 GB</ram><zdjęcie><img src=".\zdjęcia\smartfon4.jpg" alt="smartfon5" ></img></zdjęcie>
	</smartfon>
	<smartfon id="6">
		<marka>Samsung</marka>
		<model>Galaxy S21 FE 5G</model>
		<cena>3499</cena>
		<rozmiar>6,4"</rozmiar>
		<kolor>grafitowy</kolor>
		<pamięć_flash>128 GB</pamięć_flash>
		<system_operacyjny>Android 12</system_operacyjny>
		<zdjęcie><img src=".\zdjęcia\smartfon6.jpg" alt="smartfon6" ></img></zdjęcie>
	</smartfon>
	<smartfon id="7">
		<marka>Samsung</marka>
		<model>Galaxy S21 5G</model>
		<cena>2 999</cena>
		<rozmiar>6.2"</rozmiar>
		<kolor>szary</kolor>
		<pamięć_flash>128 GB</pamięć_flash>
		<system_operacyjny>Android 11</system_operacyjny>
		<zdjęcie><img src=".\zdjęcia\smartfon7.jpg" alt="smartfon7" ></img></zdjęcie>
	</smartfon>
	<smartfon id="8">
		<marka>OPPO</marka>
		<model>Reno 6 PRO 5G 12</model>
		<cena>3699</cena>
		<rozmiar>6,55"</rozmiar>
		<kolor>grafitowy</kolor>
		<pamięć_flash>256 GB</pamięć_flash>
		<system_operacyjny>Android 11</system_operacyjny>
		<zdjęcie><img src=".\zdjęcia\smartfon8.jpg" alt="smartfon8" ></img></zdjęcie>
	</smartfon>
	<smartfon id="9">
		<marka>Motorola</marka>
		<model>Edge 20 Pro 12</model>
		<cena>2869</cena>
		<rozmiar>6,7"</rozmiar>
		<kolor>niebieski</kolor>
		<pamięć_flash>256 GB</pamięć_flash>
		<system_operacyjny>Android 11</system_operacyjny>
		<zdjęcie><img src=".\zdjęcia\smartfon9.jpg" alt="smartfon9" ></img></zdjęcie>
	</smartfon>
	<smartfon id="10" polecane="tak">
		<marka>POCO</marka>
		<model>F3 5G 8</model>
		<cena>1 899</cena>
		<rozmiar>6,67"</rozmiar>
		<kolor>czarny</kolor>
		<pamięć_flash>256 GB</pamięć_flash>
		<system_operacyjny>Android 11</system_operacyjny>
		<zdjęcie><img src=".\zdjęcia\smartfon10.jpg" alt="smartfon10" ></img></zdjęcie>
	</smartfon>
</baza_ze_smartfonami>